"3824185","27636058","8801712987585","Your account 1081430073977 has been debited with BDT 10500.Current account balance is BDT 81935.39.Thank you. EBL Helpline 16230","0","2014-12-01 13:46:19","FAIL","2014-12-01 16:46:02","13","017"
"3776098","27581236","8801712987585","Your account 1081430073977 has been credited with BDT 500.Current account balance is BDT 92425.Thank you. EBL Helpline 16230","0","2014-11-30 20:54:28","FAIL","2014-11-30 23:45:35","13","017"
"3786975","27593606","8801731315252","EBL CARDS: Payment of BDT 99800 credited to Card 434979**3982 on 11/30/14 12:00:00AM. Thank You. Helpline 16230","0","2014-12-01 00:44:31","FAIL","2014-12-01 03:30:26","13","017"
"3835715","27647769","8801726321412","EBL CARDS: Not sufficient fund for BDT2000 from EBL SHYAMOLI BRANCH AT Dh. Card 470681**3490 on 12/01/14 06:17:45PM BST - Helpline 16230","0","2014-12-01 18:17:48","FAIL","2014-12-01 18:17:57","1","017"
"3835708","27647762","8801745991007","EBL CARDS: Cash WD BDT20000 from EBL PALTAN I.C. ROAD A Dh. Card 470499**8335 on 12/01/14 06:17:19PM BST -Helpline 16230","0","2014-12-01 18:17:41","FAIL","2014-12-01 18:17:43","1","017"
"3835706","27647760","8801717106970","Your account 1011100352892 has been debited with BDT 500.Current account balance is BDT 2000.Thank you. EBL Helpline 16230","0","2014-12-01 18:17:35","FAIL","2014-12-01 18:17:42","1","017"
"3835705","27647759","8801714430045","EBL CARDS: Balance enquiry from EBL CHOUHATTA BRANCH A Sy. Card 470499**8770 on 12/01/14 06:17:31PM BST - Helpline 16230","0","2014-12-01 18:17:32","FAIL","2014-12-01 18:18:04","1","017"
"3835689","27647743","8801717106970","EBL CARDS: Cash WD BDT500 from EBL CHAWKBAZAR ATM Dhaka. Card 452017**2794 on 12/01/14 06:16:59PM BST -Helpline 16230","0","2014-12-01 18:17:11","FAIL","2014-12-01 18:17:28","1","017"
"3835688","27647742","8801716640480","EBL CARDS: Cash WD BDT4000 from EBL MOHAKHALI AIRPORT Dha. Card 470499**0167 on 12/01/14 06:16:46PM BST -Helpline 16230","0","2014-12-01 18:17:08","FAIL","2014-12-01 18:17:42","1","017"
"3835685","27647739","8801745991007","EBL CARDS: Cash WD BDT20000 from EBL PALTAN I.C. ROAD A Dh. Card 470499**8335 on 12/01/14 06:16:37PM BST -Helpline 16230","0","2014-12-01 18:17:03","FAIL","2014-12-01 18:17:06","1","017"
"3835683","27647737","8801715132151","Your account 1011100242351 has been debited with BDT 15460.Current account balance is BDT 44449.7.Thank you. EBL Helpline 16230","0","2014-12-01 18:17:00","FAIL","2014-12-01 18:17:10","1","017"
"3835682","27647736","8801711082430","EBL CARDS: Cash WD BDT18000 from EBL BANANI BRANCH ATM Dha. Card 452017**3659 on 12/01/14 06:16:42PM BST -Helpline 16230","0","2014-12-01 18:16:59","FAIL","2014-12-01 18:17:19","1","017"
"3835672","27647726","8801711082430","Your account 1161260128030 has been debited with BDT 18000.Current account balance is BDT 29.04.Thank you. EBL Helpline 16230","0","2014-12-01 18:16:46","FAIL","2014-12-01 18:17:20","1","017"
"3835645","27647699","8801726321412","EBL CARDS: Not sufficient fund for BDT2000 from EBL SHYAMOLI BRANCH AT Dh. Card 470681**3490 on 12/01/14 06:16:01PM BST - Helpline 16230","0","2014-12-01 18:16:03","FAIL","2014-12-01 18:17:40","1","017"
"3835628","27647681","8801711440585","Your account 1151330073939 has been debited with BDT 100.Current account balance is BDT 298100.Thank you. EBL Helpline 16230","0","2014-12-01 18:15:44","FAIL","2014-12-01 18:16:35","1","017"
"3835346","27647399","8801747221309","EBL CARDS: Purchase txn BDT 3980 from HAPPY MUM DHAKA. Card 470499**0076 on 12/01/14 06:08:52PM BST -Helpline 16230","0","2014-12-01 18:08:55","FAIL","2014-12-01 18:16:34","2","017"
"3835266","27647319","8801711626938","EBL CARDS: Purchase txn BDT 2250 from M/S. RAZZAK DEPARTMENTAL . Card 434979**2691 on 12/01/14 06:06:36PM BST -Helpline 16230","0","2014-12-01 18:06:38","FAIL","2014-12-01 18:17:07","2","017"
"3835226","27647278","8801712501877","EBL CARDS: Cash WD BDT500 from EBL PALTAN SURMA TOWER Dh. Card 470499**6012 on 12/01/14 06:05:27PM BST -Helpline 16230","0","2014-12-01 18:05:40","FAIL","2014-12-01 18:17:12","2","017"
"3835212","27647265","8801722877534","EBL CARDS: Balance enquiry from DUTCH-BANGLA BANK LTD. SU. Card 489340**2361 on 12/01/14 06:05:17PM BST - Helpline 16230","0","2014-12-01 18:05:19","FAIL","2014-12-01 18:16:51","2","017"
"3835206","27647259","8801711762438","EBL CARDS: Purchase txn BDT 3590 from AARONG CHITTAGONG. Card 467922**4624 on 12/01/14 06:05:06PM BST -Helpline 16230","0","2014-12-01 18:05:09","FAIL","2014-12-01 18:17:12","2","017"
"3835181","27647234","8801722877534","EBL CARDS: Balance enquiry from DUTCH-BANGLA BANK LTD. SU. Card 489340**2361 on 12/01/14 06:04:21PM BST - Helpline 16230","0","2014-12-01 18:04:23","FAIL","2014-12-01 18:17:12","2","017"
"3835180","27647233","8801714635479","EBL CARDS: Balance enquiry from EBL NARAYANGANJ BRANCH Dh. Card 470499**7429 on 12/01/14 06:04:19PM BST - Helpline 16230","0","2014-12-01 18:04:20","FAIL","2014-12-01 18:17:04","2","017"
"3835165","27647218","8801711583590","Your account 3311020013566 has been credited with BDT 24980.Current account balance is BDT 65589.28.Thank you. EBL Helpline 16230","0","2014-12-01 18:04:05","FAIL","2014-12-01 18:17:49","2","017"
"3835102","27647155","8801711047338","EBL CARDS: Cash WD BDT5000 from EBL BANASREE BRANCH AT Dh. Card 470499**5244 on 12/01/14 06:02:27PM BST -Helpline 16230","0","2014-12-01 18:02:47","FAIL","2014-12-01 18:17:00","2","017"
"3834904","27647008","8801733769873","EBL CARDS: Cash WD BDT5000 from CBL Venus Comp Badda ATM . Card 470681**9911 on 12/01/14 06:01:12PM BST -Helpline 16230","0","2014-12-01 18:01:16","FAIL","2014-12-01 18:17:23","2","017"
"3834968","27647022","8801717123636","Your account 0011020790217 has been debited with BDT 2500.Current account balance is BDT 66904.32.Thank you. EBL Helpline 16230","0","2014-12-01 18:01:34","FAIL","2014-12-01 18:17:23","2","017"
"3834972","27647031","8801711327247","Your account 0011020743545 has been debited with BDT 25.Current account balance is BDT 515899.09.Thank you. EBL Helpline 16230","0","2014-12-01 18:01:35","FAIL","2014-12-01 18:17:41","2","017"
"3834976","27647019","8801730181859","Your account 0011420849917 has been credited with BDT 1000000.Current account balance is BDT 2511389.22.Thank you. EBL Helpline 16230","0","2014-12-01 18:01:35","FAIL","2014-12-01 18:18:12","2","017"
"3835097","27647150","8801755645181","EBL CARDS: Cash WD BDT20000 from EBL GULSHAN TEJGOAN LI Dh. Card 452017**7419 on 12/01/14 06:02:17PM BST -Helpline 16230","0","2014-12-01 18:02:41","FAIL","2014-12-01 18:17:03","2","017"
"3835088","27647141","8801713198546","EBL CARDS: Purchase txn BDT 230 from LAZZ PHARMA Dhaka. Card 467922**8560 on 12/01/14 06:02:32PM BST -Helpline 16230","0","2014-12-01 18:02:33","FAIL","2014-12-01 18:16:51","2","017"
"3835087","27647139","8801792088828","Your account 1021010152621 has been debited with BDT 5000.Current account balance is BDT 738.45.Thank you. EBL Helpline 16230","0","2014-12-01 18:02:31","FAIL","2014-12-01 18:17:03","2","017"
"3835062","27647115","8801739269524","Your account 1181240056921 has been credited with BDT 1500.Current account balance is BDT 60930.89.Thank you. EBL Helpline 16230","0","2014-12-01 18:02:03","FAIL","2014-12-01 18:17:06","2","017"
"3835071","27647124","8801716580357","Your account 1051010017624 has been debited with BDT 12500.Current account balance is BDT 124941.6.Thank you. EBL Helpline 16230","0","2014-12-01 18:02:10","FAIL","2014-12-01 18:18:02","2","017"
"3835054","27647107","8801713517843","EBL CARDS: Cash WD BDT5000 from EBL MIRPUR BRANCH ATM Dha. Card 470681**7308 on 12/01/14 06:01:33PM BST -Helpline 16230","0","2014-12-01 18:02:00","FAIL","2014-12-01 18:17:07","2","017"
"3835055","27647108","8801711760447","EBL CARDS: Cash WD BDT20000 from EBL JUBILEE ROAD BRANC Ch. Card 470681**4024 on 12/01/14 06:01:40PM BST -Helpline 16230","0","2014-12-01 18:02:00","FAIL","2014-12-01 18:18:16","2","017"
"3835040","27647093","8801721698216","Your account 0041250299489 has been debited with BDT 11800.Current account balance is BDT 19424.31.Thank you. EBL Helpline 16230","0","2014-12-01 18:01:48","FAIL","2014-12-01 18:18:30","2","017"
"3835047","27647100","8801755541026","EBL CARDS: Cash WD BDT20000 from EBL DEPZ BRANCH ATM Dhaka. Card 470499**3728 on 12/01/14 06:01:30PM BST -Helpline 16230","0","2014-12-01 18:01:50","FAIL","2014-12-01 18:17:13","2","017"
"3835033","27647085","8801711504470","EBL CARDS: Not sufficient fund for BDT11500 from EBL JAMUNA FUTURE PARK Dh. Card 434977**2404 on 12/01/14 06:01:35PM BST - Helpline 16230","0","2014-12-01 18:01:43","FAIL","2014-12-01 18:17:00","2","017"
"3835013","27647065","8801726179977","Your account 0051010025658 has been debited with BDT 25.Current account balance is BDT 2334204.32.Thank you. EBL Helpline 16230","0","2014-12-01 18:01:38","FAIL","2014-12-01 18:17:12","2","017"
"3835008","27647060","8801711878138","Your account 0011010036652 has been debited with BDT 10.Current account balance is BDT 125833.5.Thank you. EBL Helpline 16230","0","2014-12-01 18:01:37","FAIL","2014-12-01 18:17:16","2","017"
"3834958","27647011","8801721698216","Your account 0041250299489 has been credited with BDT 11800.Current account balance is BDT 41224.31.Thank you. EBL Helpline 16230","0","2014-12-01 18:01:31","FAIL","2014-12-01 18:17:23","2","017"
"3834959","27647012","8801777775450","Your account 0201450036051 has been credited with BDT 10000.Current account balance is BDT 104163.49.Thank you. EBL Helpline 16230","0","2014-12-01 18:01:31","FAIL","2014-12-01 18:17:07","2","017"
"3834938","27646990","8801711749873","Your account 0051020020452 has been credited with BDT 260200.Current account balance is BDT 1456393.12.Thank you. EBL Helpline 16230","0","2014-12-01 18:01:26","FAIL","2014-12-01 18:17:23","2","017"
"3834933","27646982","8801715920900","Your account 0051470163019 has been credited with BDT 700000.Current account balance is BDT 725085.94.Thank you. EBL Helpline 16230","0","2014-12-01 18:01:26","FAIL","2014-12-01 18:17:25","2","017"
"3834962","27647024","8801715657867","EBL CARDS: Cash WD BDT1000 from EBL BANASREE BRANCH AT Dh. Card 452017**0987 on 12/01/14 06:01:04PM BST -Helpline 16230","0","2014-12-01 18:01:33","FAIL","2014-12-01 18:17:43","2","017"
"3834863","27646891","8801719712416","Your account 0191010004919 has been debited with BDT 500.Current account balance is BDT 1629.Thank you. EBL Helpline 16230","0","2014-12-01 18:00:41","FAIL","2014-12-01 18:17:35","2","017"
"3834902","27646986","8801719712416","EBL CARDS: Cash WD BDT500 from EBL BRAHMANBARIA BRANC Sy. Card 470499**5398 on 12/01/14 06:01:01PM BST -Helpline 16230","0","2014-12-01 18:01:15","FAIL","2014-12-01 18:17:43","2","017"
"3834898","27646950","8801721698216","Your account 0041250299489 has been credited with BDT 7800.Current account balance is BDT 29424.31.Thank you. EBL Helpline 16230","0","2014-12-01 18:01:13","FAIL","2014-12-01 18:17:33","2","017"
"3834764","27646792","8801747221309","Your account 1191260037742 has been debited with BDT 3973.Current account balance is BDT 38047.15.Thank you. EBL Helpline 16230","0","2014-12-01 17:58:40","FAIL","2014-12-01 18:17:26","3","017"
"3830180","27642113","8801711168528","Your account 0011020022194 has been credited with BDT 200000.Current account balance is BDT 214882.66.Thank you. EBL Helpline 16230","0","2014-12-01 15:53:39","FAIL","2014-12-01 18:19:19","11","017"
"3776088","27581226","8801712987585","Your account 1081430073977 has been debited with BDT 500.Current account balance is BDT 91925.Thank you. EBL Helpline 16230","0","2014-11-30 20:54:03","FAIL","2014-11-30 23:45:36","13","017"
"3764710","27456774","8801712987585","Your account 1081430073977 has been credited with BDT 90000.Current account balance is BDT 92425.Thank you. EBL Helpline 16230","0","2014-11-30 16:03:13","FAIL","2014-11-30 19:01:42","12","017"
"3780035","27585459","8801712987585","Your account 1081430073977 has been credited with BDT 11.55.Current account balance is BDT 92436.55.Thank you. EBL Helpline 16230","0","2014-12-01 00:06:49","FAIL","2014-12-01 03:00:17","13","017"
"3780036","27585460","8801712987585","Your account 1081430073977 has been debited with BDT 1.16.Current account balance is BDT 92435.39.Thank you. EBL Helpline 16230","0","2014-12-01 00:06:49","FAIL","2014-12-01 03:00:17","13","017"
"3822113","27633963","8801724083494","Your account 1591330025475 has been credited with BDT 3700.Current account balance is BDT 3700.Thank you. EBL Helpline 16230","0","2014-12-01 12:57:21","FAIL","2014-12-01 15:46:25","13","017"
"3816325","27623873","8801731315252","EBL CARDS: Purchase txn BDT 50000 from SATTYASHA BASTRALAYA Jess. Card 434979**3982 on 12/01/14 10:58:59AM BST -Helpline 16230","0","2014-12-01 10:58:59","FAIL","2014-12-01 13:48:21","13","017"
"3816345","27623893","8801731315252","EBL CARDS: Purchase txn BDT 49800 from SATTYASHA BASTRALAYA Jess. Card 434979**3982 on 12/01/14 10:59:16AM BST -Helpline 16230","0","2014-12-01 10:59:18","FAIL","2014-12-01 13:48:21","13","017"
"3799140","27598987","8801716661067","Your account 0151440023515 has been debited with BDT 6.24.Current account balance is BDT 30176.16.Thank you. EBL Helpline 16230","0","2014-12-01 02:03:01","FAIL","2014-12-01 05:00:35","13","017"
"3799139","27598986","8801716661067","Your account 0151440023515 has been credited with BDT 62.4.Current account balance is BDT 30182.4.Thank you. EBL Helpline 16230","0","2014-12-01 02:03:01","FAIL","2014-12-01 05:00:31","13","017"
"3825522","27637428","88EX102989721","EBL CARDS: Balance enquiry from EBL CARDS & ADC CENTER Dh. Card 452017**4904 on 12/01/14 02:19:15PM BST - Helpline 16230","0","2014-12-01 14:19:17","INVALID","2014-12-01 14:19:21","1","EX1"
"3822929","27634797","8806445101710","Your account 3311260000113 has been credited with BDT 7000.Current account balance is BDT 7031.63.Thank you. EBL Helpline 16230","0","2014-12-01 13:15:38","INVALID","2014-12-01 13:15:56","1","064"
"3819087","27630899","8807143922666","Your account 1051260066745 has been credited with BDT 15050.Current account balance is BDT 22458.43.Thank you. EBL Helpline 16230","0","2014-12-01 11:56:17","INVALID","2014-12-01 11:56:26","1","071"
"3783346","27588842","8807175190957","Your account 0191330020594 has been credited with BDT 577.14.Current account balance is BDT 153335.85.Thank you. EBL Helpline 16230","0","2014-12-01 00:21:31","INVALID","2014-12-01 00:21:52","1","071"
"3783347","27588843","8807175190957","Your account 0191330020594 has been debited with BDT 57.71.Current account balance is BDT 153278.14.Thank you. EBL Helpline 16230","0","2014-12-01 00:21:32","INVALID","2014-12-01 00:21:52","1","071"
"3828192","27640124","8806445101234","Your account 3311100010052 has been debited with BDT 1000.Current account balance is BDT 40216.73.Thank you. EBL Helpline 16230","0","2014-12-01 15:05:47","INVALID","2014-12-01 15:06:08","1","064"
"3775411","27580549","8801012653843","EBL CARDS: Cash WD BDT2000 from EBL HATHAZARI BRANCH A Ch. Card 452017**4196 on 11/30/14 08:26:57PM BST -Helpline 16230","0","2014-11-30 20:27:07","INVALID","2014-11-30 20:27:39","1","010"
"3766754","27458821","8811712600279","¿Dear Customer, Please send your loan dues by today Evening Banking from 6:00 pm to 8.00 pm ( Mirpur 11 Br, Bangla Motor Br, or Chawk Mogoltuli Br.). It\\'s most urgent. If any query please contact EBL 01979325925.From Eastern Bank Limited.¿","0","2014-11-30 16:56:55","INVALID","2014-11-30 16:57:21","1","117"
"3764930","27456995","88EX102989721","EBL CARDS: Balance enquiry from EBL CARDS & ADC CENTER Dh. Card 452017**4904 on 11/30/14 04:07:52PM BST - Helpline 16230","0","2014-11-30 16:08:24","INVALID","2014-11-30 16:08:27","1","EX1"
"3763935","27455963","8807172099597","Your account 1081010024308 has been credited with BDT 5000.Current account balance is BDT 10373.08.Thank you. EBL Helpline 16230","0","2014-11-30 15:48:06","INVALID","2014-11-30 15:48:21","1","071"
"3763777","27455805","8801012653843","EBL CARDS: Cash WD BDT5000 from EBL BAYEZID BOSTAMI RD Ch. Card 452017**4196 on 11/30/14 03:43:58PM BST -Helpline 16230","0","2014-11-30 15:44:51","INVALID","2014-11-30 15:45:17","1","010"
"3760738","27452741","8843497757391","Dear Sir,
Today our last working day of this month. So, please deposit your EBL Credit Card previous bill BDT  9000  within today  4 pm on urgent besis. We need your co-operation.
Thanks
EBL
","0","2014-11-30 14:46:38","INVALID","2014-11-30 14:47:06","1","434"
"3782211","27587636","8804433304923","Your account 1221330032936 has been credited with BDT 1.28.Current account balance is BDT 276.23.Thank you. EBL Helpline 16230","0","2014-12-01 00:16:13","INVALID","2014-12-01 00:17:42","1","044"
"3782212","27587637","8804433304923","Your account 1221330032936 has been debited with BDT .13.Current account balance is BDT 276.1.Thank you. EBL Helpline 16230","0","2014-12-01 00:16:13","INVALID","2014-12-01 00:17:42","1","044"
"3756496","27448472","8800171249582","Dear Sir, Today is last working day of this month. Still now you didn\\'t clear your loan overdue .please pay minimum Tk 5,200 tomorrow by2pm.Thanks.EB","0","2014-11-30 13:34:44","INVALID","2014-11-30 13:34:55","1","001"
"3820135","27631979","8817823956749","EBL CARDS: Cash WD BDT10000 from EBL SIRAJUDDOWLAH BRAN Ch. Card 470499**9392 on 12/01/14 12:14:18PM BST -Helpline 16230","0","2014-12-01 12:15:17","INVALID","2014-12-01 12:15:23","1","178"
"3753696","27445618","8804470009638","Dear Sir,Today is the last working day of November\\'14.Its cordially requested to pay min amount Tk.10,300 today to regularize your file.If any queries contact 01979325512,Thanks,Eastern Bank Ltd","0","2014-11-30 12:51:59","INVALID","2014-11-30 12:52:01","1","044"
"3755048","27447028","8800181802228","Dear Sir,Today is the last working day of November\\'14.Its cordially requested to pay min amount Tk.3,700 today to regularize your file.If any queries contact 01979325512,Thanks,Eastern Bank Ltd","0","2014-11-30 13:15:02","INVALID","2014-11-30 13:15:02","1","001"
"3755039","27447020","8800181802228","Dear Sir,Today is the last working day of November\\'14.Its cordially requested to pay min amount Tk.3,700 today to regularize your file.If any queries contact 01979325512,Thanks,Eastern Bank Ltd","0","2014-11-30 13:14:58","INVALID","2014-11-30 13:15:02","1","001"
"3755036","27447016","8800181802228","Dear Sir,Today is the last working day of November\\'14.Its cordially requested to pay min amount Tk.3,700 today to regularize your file.If any queries contact 01979325512,Thanks,Eastern Bank Ltd","0","2014-11-30 13:14:55","INVALID","2014-11-30 13:15:02","1","001"
"3755027","27447007","8800181802228","Dear Sir,Today is the last working day of November\\'14.Its cordially requested to pay min amount Tk.3,700 today to regularize your file.If any queries contact 01979325512,Thanks,Eastern Bank Ltd","0","2014-11-30 13:14:51","INVALID","2014-11-30 13:15:02","1","001"
"3820737","27632581","8817115333585","Your account 1011010090926 has been credited with BDT 150000.Current account balance is BDT 182898.64.Thank you. EBL Helpline 16230","0","2014-12-01 12:28:47","INVALID","2014-12-01 12:29:04","1","171"
"3754668","27446648","8800192555522","Dear Sir, tomorrow  is last working day of this month. Still now you didn\\'t clear your loan overdue .please pay minimum Tk 9,400 tomorrow by2pm.Thanks.EBL.

","0","2014-11-30 13:09:09","INVALID","2014-11-30 13:09:21","1","001"
"3748615","27440339","8808181226255","EBL CARDS: Cash WD BDT3000 from EBL COXS BAZAR BRANCH Chi. Card 452017**0884 on 11/30/14 11:33:20AM BST -Helpline 16230","0","2014-11-30 11:33:59","INVALID","2014-11-30 11:34:23","1","081"
"3813654","27619073","8801356313716","EBL CARDS: Cash WD BDT17000 from EBL RAJSHAHI ATM Rajshahi. Card 470499**8038 on 12/01/14 09:13:05AM BST -Helpline 16230","0","2014-12-01 09:13:21","INVALID","2014-12-01 09:13:47","1","013"
"3813642","27619062","8801356313716","EBL CARDS: Balance enquiry from EBL RAJSHAHI ATM Rajshahi. Card 470499**8038 on 12/01/14 09:12:06AM BST - Helpline 16230","0","2014-12-01 09:12:09","INVALID","2014-12-01 09:12:17","1","013"
"3807491","27608444","8807940280634","Your account 0041450364975 has been debited with BDT 63.64.Current account balance is BDT 135731.46.Thank you. EBL Helpline 16230","0","2014-12-01 03:02:17","INVALID","2014-12-01 03:02:26","1","079"
"3807490","27608443","8807940280634","Your account 0041450364975 has been credited with BDT 636.35.Current account balance is BDT 135795.1.Thank you. EBL Helpline 16230","0","2014-12-01 03:02:16","INVALID","2014-12-01 03:02:26","1","079"
"3806840","27609440","8810819241811","Your account 1061440216901 has been debited with BDT 44.61.Current account balance is BDT 87122.45.Thank you. EBL Helpline 16230","0","2014-12-01 02:58:09","INVALID","2014-12-01 02:58:39","1","108"
"3806839","27609439","8810819241811","Your account 1061440216901 has been credited with BDT 446.12.Current account balance is BDT 87167.06.Thank you. EBL Helpline 16230","0","2014-12-01 02:58:09","INVALID","2014-12-01 02:58:39","1","108"
"3804785","27611734","8897433007787","Your account 1011310154977 has been debited with BDT 7.63.Current account balance is BDT 18344.54.Thank you. EBL Helpline 16230","0","2014-12-01 02:42:46","INVALID","2014-12-01 02:42:51","1","974"
"3804784","27611733","8897433007787","Your account 1011310154977 has been credited with BDT 76.28.Current account balance is BDT 18352.17.Thank you. EBL Helpline 16230","0","2014-12-01 02:42:46","INVALID","2014-12-01 02:42:51","1","974"
"3746491","27436517","8803930076920","EBL CARDS: Cash WD BDT5500 from EBL AGRABAD BRANCH ATM Ch. Card 452017**3902 on 11/30/14 11:06:04AM BST -Helpline 16230","0","2014-11-30 11:06:40","INVALID","2014-11-30 11:07:02","1","039"
"3744018","27434004","881.7204e+009","EBL CARDS: Cash WD BDT5000 from EBL PANCHLAISH BRANCH Chi. Card 470499**5317 on 11/30/14 10:32:49AM BST -Helpline 16230","0","2014-11-30 10:33:03","INVALID","2014-11-30 10:33:26","1","1.7"
"3802075","27607087","8807940280634","Your account 0041430365027 has been credited with BDT 188.9.Current account balance is BDT 50469.34.Thank you. EBL Helpline 16230","0","2014-12-01 02:22:59","INVALID","2014-12-01 02:23:00","1","079"
"3802076","27607088","8807940280634","Your account 0041430365027 has been debited with BDT 18.89.Current account balance is BDT 50450.45.Thank you. EBL Helpline 16230","0","2014-12-01 02:22:59","INVALID","2014-12-01 02:23:01","1","079"
"3826232","27638135","017114111637","Cheque of Instrument Number 951291 for Amount BDT 80000 has been cleared against your account 1011100136514.Thank you. EBL Helpline 16230","0","2014-12-01 14:33:44","INVALID NUMBER","2014-12-01 14:33:58","200","171"
"3826207","27638110","017114111637","Your account 1011100136514 has been debited with BDT 80000.Current account balance is BDT 185395.14.Thank you. EBL Helpline 16230","0","2014-12-01 14:33:34","INVALID NUMBER","2014-12-01 14:34:02","200","171"
"3825690","27637596","017120516374","Your account 0051020013973 has been debited with BDT 45000.Current account balance is BDT 441037.81.Thank you. EBL Helpline 16230","0","2014-12-01 14:22:54","INVALID NUMBER","2014-12-01 14:23:04","200","171"
"3825457","27637363","018156617460","Your account 0061010001562 has been credited with BDT 30000.Current account balance is BDT 32334.17.Thank you. EBL Helpline 16230","0","2014-12-01 14:17:29","INVALID NUMBER","2014-12-01 14:17:51","200","181"
"3823368","27635240","018177074253","Your account 1021010054644 has been credited with BDT 5000.Current account balance is BDT 5556.71.Thank you. EBL Helpline 16230","0","2014-12-01 13:26:37","INVALID NUMBER","2014-12-01 13:27:00","200","181"
"3823097","27634967","+447980212893","Your account 1051430158670 has been credited with BDT 151903.5.Current account balance is BDT 206940.13.Thank you. EBL Helpline 16230","0","2014-12-01 13:19:11","INVALID NUMBER","2014-12-01 13:19:30","200","479"
"3796853","27600690","016779308750","Your account 3011440106974 has been debited with BDT 2.13.Current account balance is BDT 8546.49.Thank you. EBL Helpline 16230","0","2014-12-01 01:47:34","INVALID NUMBER","2014-12-01 01:48:07","200","167"
"3796744","27600689","016779308750","Your account 3011440106974 has been credited with BDT 21.32.Current account balance is BDT 8548.62.Thank you. EBL Helpline 16230","0","2014-12-01 01:46:50","INVALID NUMBER","2014-12-01 01:47:30","200","167"
"3793864","27616441","+93799992911","Your account 1041430216838 has been debited with BDT 15.15.Current account balance is BDT 45313.46.Thank you. EBL Helpline 16230","0","2014-12-01 01:27:34","INVALID NUMBER","2014-12-01 01:27:51","200","937"
"3793863","27616440","+93799992911","Your account 1041430216838 has been credited with BDT 151.54.Current account balance is BDT 45328.61.Thank you. EBL Helpline 16230","0","2014-12-01 01:27:33","INVALID NUMBER","2014-12-01 01:27:51","200","937"
"3793768","27616761","011717062197","Your account 1051010026625 has been debited with BDT 2000.Current account balance is BDT 1055.3.Thank you. EBL Helpline 16230","0","2014-12-01 01:26:55","INVALID NUMBER","2014-12-01 01:27:25","200","117"
"3793377","27615833","+971509037144","Your account 2001310045619 has been debited with BDT 134.27.Current account balance is BDT 412589.63.Thank you. EBL Helpline 16230","0","2014-12-01 01:24:27","INVALID NUMBER","2014-12-01 01:24:29","200","715"
"3793376","27615832","+971509037144","Your account 2001310045619 has been credited with BDT 1342.68.Current account balance is BDT 412723.9.Thank you. EBL Helpline 16230","0","2014-12-01 01:24:26","INVALID NUMBER","2014-12-01 01:24:29","200","715"
"3792451","27611851","004407872058290","Your account 1011310252218 has been credited with BDT 4185.06.Current account balance is BDT 1109402.26.Thank you. EBL Helpline 16230","0","2014-12-01 01:18:23","INVALID NUMBER","2014-12-01 01:18:28","200","078"
"3792470","27611870","017171125179","Your account 1011310327281 has been debited with BDT 36.48.Current account balance is BDT 133194.51.Thank you. EBL Helpline 16230","0","2014-12-01 01:18:31","INVALID NUMBER","2014-12-01 01:18:59","200","171"
"3792469","27611869","017171125179","Your account 1011310327281 has been credited with BDT 364.81.Current account balance is BDT 133230.99.Thank you. EBL Helpline 16230","0","2014-12-01 01:18:31","INVALID NUMBER","2014-12-01 01:18:59","200","171"
"3792452","27611852","004407872058290","Your account 1011310252218 has been debited with BDT 418.51.Current account balance is BDT 1108983.75.Thank you. EBL Helpline 16230","0","2014-12-01 01:18:24","INVALID NUMBER","2014-12-01 01:18:28","200","078"
"3790659","27592442","880821-714084","Your account 0931430033490 has been credited with BDT 85.08.Current account balance is BDT 31022.89.Thank you. EBL Helpline 16230","0","2014-12-01 01:06:19","INVALID NUMBER","2014-12-01 01:06:24","200","082"
"3790660","27592446","880821-714084","Your account 0931430033490 has been debited with BDT 8.51.Current account balance is BDT 31014.38.Thank you. EBL Helpline 16230","0","2014-12-01 01:06:19","INVALID NUMBER","2014-12-01 01:06:23","200","082"
"3790863","27596190","017116611999","Your account 1111430132131 has been debited with BDT 6.56.Current account balance is BDT 105049.06.Thank you. EBL Helpline 16230","0","2014-12-01 01:07:37","INVALID NUMBER","2014-12-01 01:07:55","200","171"
"3790862","27596189","017116611999","Your account 1111430132131 has been credited with BDT 65.62.Current account balance is BDT 105055.62.Thank you. EBL Helpline 16230","0","2014-12-01 01:07:36","INVALID NUMBER","2014-12-01 01:07:55","200","171"
"3785536","27590577","017111371566","Your account 0051440163835 has been credited with BDT 455.11.Current account balance is BDT 389130.01.Thank you. EBL Helpline 16230","0","2014-12-01 00:34:45","INVALID NUMBER","2014-12-01 00:34:52","200","171"
"3785537","27590578","017111371566","Your account 0051440163835 has been debited with BDT 45.51.Current account balance is BDT 389084.5.Thank you. EBL Helpline 16230","0","2014-12-01 00:34:45","INVALID NUMBER","2014-12-01 00:34:52","200","171"
"3796543","27600054","+9710559680574","Your account 0011310769353 has been debited with BDT 8.19.Current account balance is BDT 21920.87.Thank you. EBL Helpline 16230","0","2014-12-01 01:45:31","INVALID NUMBER","2014-12-01 01:45:31","200","105"
"3796542","27600053","+9710559680574","Your account 0011310769353 has been credited with BDT 81.93.Current account balance is BDT 21929.06.Thank you. EBL Helpline 16230","0","2014-12-01 01:45:31","INVALID NUMBER","2014-12-01 01:45:31","200","105"
"3796401","27600017","017131271168","Your account 0151330017386 has been debited with BDT 2.16.Current account balance is BDT 82.67.Thank you. EBL Helpline 16230","0","2014-12-01 01:44:32","INVALID NUMBER","2014-12-01 01:44:57","200","171"
"3796400","27600016","017131271168","Your account 0151330017386 has been credited with BDT 21.55.Current account balance is BDT 84.83.Thank you. EBL Helpline 16230","0","2014-12-01 01:44:31","INVALID NUMBER","2014-12-01 01:44:57","200","171"
"3817798","27625383","0096899630144","Your account 0161330026089 has been debited with BDT 90000.Current account balance is BDT 1414422.57.Thank you. EBL Helpline 16230","0","2014-12-01 11:29:36","INVALID NUMBER","2014-12-01 11:29:38","200","968"
"3835263","27647316","001191811317","Your account 0011100758293 has been debited with BDT 500.Current account balance is BDT 5504.49.Thank you. EBL Helpline 16230","0","2014-12-01 18:06:34","INVALID NUMBER","2014-12-01 18:06:35","200","011"
"3834894","27646944","880171-905634","Your account 0041020001064 has been credited with BDT 40000.Current account balance is BDT 40547.89.Thank you. EBL Helpline 16230","0","2014-12-01 18:01:11","INVALID NUMBER","2014-12-01 18:02:36","200","017"
"3833181","27645201","017114111637","Your account 1011100136514 has been credited with BDT 3885.Current account balance is BDT 189280.14.Thank you. EBL Helpline 16230","0","2014-12-01 17:16:13","INVALID NUMBER","2014-12-01 17:16:18","200","171"
"3833182","27645202","017114111637","Your account 1011100136514 has been credited with BDT 2000.Current account balance is BDT 191280.14.Thank you. EBL Helpline 16230","0","2014-12-01 17:16:13","INVALID NUMBER","2014-12-01 17:16:17","200","171"
"3832147","27644101","016181908516","Your account 1241260011782 has been debited with BDT 500.Current account balance is BDT 7252.33.Thank you. EBL Helpline 16230","0","2014-12-01 16:50:42","INVALID NUMBER","2014-12-01 16:50:55","200","161"
"3832148","27644102","016181908516","Your account 1241260011782 has been debited with BDT 28.75.Current account balance is BDT 7223.58.Thank you. EBL Helpline 16230","0","2014-12-01 16:50:43","INVALID NUMBER","2014-12-01 16:50:55","200","161"
"3832078","27644028","001191811317","Your account 0011100758293 has been credited with BDT 2000.Current account balance is BDT 6004.49.Thank you. EBL Helpline 16230","0","2014-12-01 16:48:27","INVALID NUMBER","2014-12-01 16:48:36","200","011"
"3784610","27589959","880189 389690","Your account 0201250024529 has been debited with BDT 278.65.Current account balance is BDT 741606.09.Thank you. EBL Helpline 16230","0","2014-12-01 00:29:05","INVALID NUMBER","2014-12-01 00:29:40","200","018"
"3784609","27589958","880189 389690","Your account 0201250024529 has been credited with BDT 2786.46.Current account balance is BDT 741884.74.Thank you. EBL Helpline 16230","0","2014-12-01 00:29:05","INVALID NUMBER","2014-12-01 00:29:08","200","018"
"3784488","27590053","880175 241711","Your account 0051440143474 has been credited with BDT 339.18.Current account balance is BDT 136011.75.Thank you. EBL Helpline 16230","0","2014-12-01 00:28:22","INVALID NUMBER","2014-12-01 00:28:44","200","017"
"3784489","27590054","880175 241711","Your account 0051440143474 has been debited with BDT 33.92.Current account balance is BDT 135977.83.Thank you. EBL Helpline 16230","0","2014-12-01 00:28:22","INVALID NUMBER","2014-12-01 00:28:42","200","017"
"3795410","27602273","017120584577","Your account 1031250001459 has been credited with BDT 66.08.Current account balance is BDT 13697.41.Thank you. EBL Helpline 16230","0","2014-12-01 01:37:41","INVALID NUMBER","2014-12-01 01:37:45","200","171"
"3795411","27602274","017120584577","Your account 1031250001459 has been debited with BDT 6.61.Current account balance is BDT 13690.8.Thank you. EBL Helpline 16230","0","2014-12-01 01:37:41","INVALID NUMBER","2014-12-01 01:37:45","200","171"
"3771777","27576882","880189-190250","Your account 1011050003108 has become dormant.Thank you.EBL Helpline 16230.","0","2014-11-30 18:55:05","INVALID NUMBER","2014-11-30 18:55:06","200","018"
"3771339","27576443","001191811317","Your account 0011100758293 has been debited with BDT 10000.Current account balance is BDT 4004.49.Thank you. EBL Helpline 16230","0","2014-11-30 18:43:10","INVALID NUMBER","2014-11-30 18:43:16","200","011"
"3768485","27573569","017555556672","Your account 1041010055730 has been debited with BDT 10.Current account balance is BDT 192016.74.Thank you. EBL Helpline 16230","0","2014-11-30 17:36:15","INVALID NUMBER","2014-11-30 17:36:37","200","175"
"3767931","27572969","017555556672","Your account 1041010055730 has been credited with BDT 150000.Current account balance is BDT 192026.74.Thank you. EBL Helpline 16230","0","2014-11-30 17:27:37","INVALID NUMBER","2014-11-30 17:28:03","200","175"
"3767822","27572906","00966542694930","Your account 1011370208293 has been credited with BDT 1800.Current account balance is BDT 17955.33.Thank you. EBL Helpline 16230","0","2014-11-30 17:26:46","INVALID NUMBER","2014-11-30 17:26:57","200","665"
"3767527","27572600","889556360-261","Your account 1011100196662 has been debited with BDT 2500.Current account balance is BDT 20270.14.Thank you. EBL Helpline 16230","0","2014-11-30 17:19:35","INVALID NUMBER","2014-11-30 17:19:40","200","955"
"3764454","27456482","0096899630144","Your account 0161330026089 has been credited with BDT 200000.Current account balance is BDT 1500362.34.Thank you. EBL Helpline 16230","0","2014-11-30 15:58:20","INVALID NUMBER","2014-11-30 15:58:44","200","968"
"3763318","27455342","017120516374","Your account 0051020013973 has been credited with BDT 300000.Current account balance is BDT 431037.81.Thank you. EBL Helpline 16230","0","2014-11-30 15:36:54","INVALID NUMBER","2014-11-30 15:36:55","200","171"
"3761334","27453337","017120516374","Your account 0051020013973 has been debited with BDT 50000.Current account balance is BDT 131037.81.Thank you. EBL Helpline 16230","0","2014-11-30 14:57:45","INVALID NUMBER","2014-11-30 14:57:56","200","171"
"3758063","27450066","018189290779","Your account 0011010708114 has been credited with BDT 21500.Current account balance is BDT 21500.Thank you. EBL Helpline 16230","0","2014-11-30 14:05:42","INVALID NUMBER","2014-11-30 14:06:06","200","181"
"3782185","27587228","017122016321","Your account 0051470159317 has been debited with BDT 20.77.Current account balance is BDT 45493.Thank you. EBL Helpline 16230","0","2014-12-01 00:16:12","INVALID NUMBER","2014-12-01 00:17:42","200","171"
"3782184","27587227","017122016321","Your account 0051470159317 has been credited with BDT 207.65.Current account balance is BDT 45513.77.Thank you. EBL Helpline 16230","0","2014-12-01 00:16:12","INVALID NUMBER","2014-12-01 00:17:42","200","171"
"3781611","27587313","017198213798","Your account 0201440042779 has been credited with BDT 17.2.Current account balance is BDT 5461.74.Thank you. EBL Helpline 16230","0","2014-12-01 00:15:38","INVALID NUMBER","2014-12-01 00:16:40","200","171"
"3781612","27587314","017198213798","Your account 0201440042779 has been debited with BDT 1.72.Current account balance is BDT 5460.02.Thank you. EBL Helpline 16230","0","2014-12-01 00:15:38","INVALID NUMBER","2014-12-01 00:16:40","200","171"
"3781371","27586728","018250198484","Your account 0121430057229 has been debited with BDT 89.92.Current account balance is BDT 10335.55.Thank you. EBL Helpline 16230","0","2014-12-01 00:14:24","INVALID NUMBER","2014-12-01 00:14:30","200","182"
"3781370","27586727","018250198484","Your account 0121430057229 has been credited with BDT 899.22.Current account balance is BDT 10425.47.Thank you. EBL Helpline 16230","0","2014-12-01 00:14:24","INVALID NUMBER","2014-12-01 00:14:30","200","182"
"3778913","27584130","0034632476285","Your account 0911440099734 has been debited with BDT 1.44.Current account balance is BDT 5760.93.Thank you. EBL Helpline 16230","0","2014-12-01 00:02:16","INVALID NUMBER","2014-12-01 00:03:15","200","346"
"3778912","27584129","0034632476285","Your account 0911440099734 has been credited with BDT 14.37.Current account balance is BDT 5762.37.Thank you. EBL Helpline 16230","0","2014-12-01 00:02:16","INVALID NUMBER","2014-12-01 00:03:15","200","346"
"3778188","27583331","019171313267","Your account 1211330020430 has been debited with BDT .95.Current account balance is BDT 265.21.Thank you. EBL Helpline 16230","0","2014-11-30 23:59:18","INVALID NUMBER","2014-11-30 23:59:21","200","191"
"3778187","27583330","019171313267","Your account 1211330020430 has been credited with BDT 9.51.Current account balance is BDT 266.16.Thank you. EBL Helpline 16230","0","2014-11-30 23:59:18","INVALID NUMBER","2014-11-30 23:59:21","200","191"
"3778114","27583263","018189290779","Your account 0011010708114 has been debited with BDT 66.61.Current account balance is BDT 0.Thank you. EBL Helpline 16230","0","2014-11-30 23:58:39","INVALID NUMBER","2014-11-30 23:58:50","200","181"
"3778113","27583262","018189290779","Your account 0011010708114 has been debited with BDT 570.15.Current account balance is BDT 66.61.Thank you. EBL Helpline 16230","0","2014-11-30 23:58:39","INVALID NUMBER","2014-11-30 23:58:50","200","181"
"3778112","27583261","018189290779","Your account 0011010708114 has been debited with BDT 3184.2.Current account balance is BDT 636.76.Thank you. EBL Helpline 16230","0","2014-11-30 23:58:39","INVALID NUMBER","2014-11-30 23:58:50","200","181"
"3778111","27583260","018189290779","Your account 0011010708114 has been debited with BDT 17679.04.Current account balance is BDT 3820.96.Thank you. EBL Helpline 16230","0","2014-11-30 23:58:38","INVALID NUMBER","2014-11-30 23:58:51","200","181"
"3756028","27448008","017120516374","Your account 0051020013973 has been credited with BDT 50000.Current account balance is BDT 181037.81.Thank you. EBL Helpline 16230","0","2014-11-30 13:26:08","INVALID NUMBER","2014-11-30 13:26:45","200","171"
"3755714","27447682","001191811317","Your account 0011100758293 has been credited with BDT 14000.Current account balance is BDT 14004.49.Thank you. EBL Helpline 16230","0","2014-11-30 13:22:11","INVALID NUMBER","2014-11-30 13:22:20","200","011"
"3755529","27447509","011717062197","Your account 1051010026625 has been credited with BDT 2000.Current account balance is BDT 3055.3.Thank you. EBL Helpline 16230","0","2014-11-30 13:20:01","INVALID NUMBER","2014-11-30 13:20:04","200","117"
"3821744","27633594","017118569780","Your account 1021010009001 has been debited with BDT 26000.Current account balance is BDT 12600.74.Thank you. EBL Helpline 16230","0","2014-12-01 12:49:56","INVALID NUMBER","2014-12-01 12:50:38","200","171"
"3817194","27624778","017130600116","Your account 1011010241280 has been debited with BDT 75.Current account balance is BDT 0.Thank you. EBL Helpline 16230","0","2014-12-01 11:17:36","INVALID NUMBER","2014-12-01 11:17:37","200","171"
"3817195","27624779","017130600116","Your account 1011010241280 has been Closed. Thank you. EBL Helpline 16230.","0","2014-12-01 11:17:36","INVALID NUMBER","2014-12-01 11:17:36","200","171"
"3814290","27619710","017130600116","Your account 1011010241280 has been debited with BDT 200.Current account balance is BDT 105.Thank you. EBL Helpline 16230","0","2014-12-01 10:03:20","INVALID NUMBER","2014-12-01 10:03:43","200","171"
"3814291","27619711","017130600116","Your account 1011010241280 has been debited with BDT 30.Current account balance is BDT 75.Thank you. EBL Helpline 16230","0","2014-12-01 10:03:21","INVALID NUMBER","2014-12-01 10:03:43","200","171"
"3814904","27622450","017111988941","Your account 0011250000617 has been debited with BDT 80000.Current account balance is BDT 1646.67.Thank you. EBL Helpline 16230","0","2014-12-01 10:23:05","INVALID NUMBER","2014-12-01 10:23:06","200","171"
"3814951","27622497","017120516374","Your account 0051020013973 has been credited with BDT 55000.Current account balance is BDT 486037.81.Thank you. EBL Helpline 16230","0","2014-12-01 10:24:14","INVALID NUMBER","2014-12-01 10:24:19","200","171"
"3816241","27623788","017171125179","Your account 1011310327281 has been credited with BDT 73038.Current account balance is BDT 196232.51.Thank you. EBL Helpline 16230","0","2014-12-01 10:56:59","INVALID NUMBER","2014-12-01 10:57:25","200","171"
"3754578","27446558","018194221999","Your account 1131010005142 has been debited with BDT 32000.Current account balance is BDT 40522.37.Thank you. EBL Helpline 16230","0","2014-11-30 13:07:37","INVALID NUMBER","2014-11-30 13:07:49","200","181"
"3753480","27445415","018194221999","Your account 1131010005142 has been credited with BDT 33075.Current account balance is BDT 72522.37.Thank you. EBL Helpline 16230","0","2014-11-30 12:51:20","INVALID NUMBER","2014-11-30 12:51:47","200","181"
"3753409","27445340","889556360-261","Your account 1011100196662 has been debited with BDT 2000.Current account balance is BDT 22770.14.Thank you. EBL Helpline 16230","0","2014-11-30 12:50:39","INVALID NUMBER","2014-11-30 12:51:03","200","955"
"3750294","27442019","017120516374","Your account 0051020013973 has been debited with BDT 70000.Current account balance is BDT 131037.81.Thank you. EBL Helpline 16230","0","2014-11-30 11:59:13","INVALID NUMBER","2014-11-30 11:59:27","200","171"
"3747738","27439463","017111988941","Your account 0011250000617 has been credited with BDT 80000.Current account balance is BDT 81627.74.Thank you. EBL Helpline 16230","0","2014-11-30 11:22:39","INVALID NUMBER","2014-11-30 11:23:08","200","171"
"3816885","27624468","017120593764","Your account 2001020007500 has been debited with BDT 20000.Current account balance is BDT 195730.42.Thank you. EBL Helpline 16230","0","2014-12-01 11:10:53","INVALID NUMBER","2014-12-01 11:11:14","200","171"
"3813925","27619344","017171125179","Your account 1011310327281 has been debited with BDT 10000.Current account balance is BDT 123194.51.Thank you. EBL Helpline 16230","0","2014-12-01 09:39:45","INVALID NUMBER","2014-12-01 09:39:50","200","171"
"3811959","27617375","017127208582","Your account 1131450170827 has been credited with BDT 81375.Current account balance is BDT 5350555.62.Thank you. EBL Helpline 16230","0","2014-12-01 04:14:41","INVALID NUMBER","2014-12-01 04:14:42","200","171"
"3811960","27617378","017127208582","Your account 1131450170827 has been debited with BDT 8137.5.Current account balance is BDT 5415655.62.Thank you. EBL Helpline 16230","0","2014-12-01 04:14:42","INVALID NUMBER","2014-12-01 04:14:42","200","171"
"3811962","27617376","017127208582","Your account 1131450170827 has been debited with BDT 8137.5.Current account balance is BDT 5342418.12.Thank you. EBL Helpline 16230","0","2014-12-01 04:14:42","INVALID NUMBER","2014-12-01 04:14:48","200","171"
"3811963","27617377","017127208582","Your account 1131450170827 has been credited with BDT 81375.Current account balance is BDT 5423793.12.Thank you. EBL Helpline 16230","0","2014-12-01 04:14:43","INVALID NUMBER","2014-12-01 04:14:48","200","171"
"3811964","27617380","017127208582","Your account 1131450170827 has been debited with BDT 6329.17.Current account balance is BDT 5472618.12.Thank you. EBL Helpline 16230","0","2014-12-01 04:14:43","INVALID NUMBER","2014-12-01 04:14:48","200","171"
"3811965","27617379","017127208582","Your account 1131450170827 has been credited with BDT 63291.67.Current account balance is BDT 5478947.29.Thank you. EBL Helpline 16230","0","2014-12-01 04:14:44","INVALID NUMBER","2014-12-01 04:14:48","200","171"
"3811439","27616854","0096398082701","Your account 1011100207088 has become dormant.Thank you.EBL Helpline 16230.","0","2014-12-01 03:51:18","INVALID NUMBER","2014-12-01 03:51:32","200","963"
"3811205","27614290","+447980212893","Your account 1051430158670 has been debited with BDT 38.32.Current account balance is BDT 55036.63.Thank you. EBL Helpline 16230","0","2014-12-01 03:30:21","INVALID NUMBER","2014-12-01 03:30:35","200","479"
"3811204","27614289","+447980212893","Your account 1051430158670 has been credited with BDT 383.16.Current account balance is BDT 55074.95.Thank you. EBL Helpline 16230","0","2014-12-01 03:30:20","INVALID NUMBER","2014-12-01 03:30:35","200","479"
"3810932","27614772","0096899630144","Your account 0161330026089 has been debited with BDT 451.14.Current account balance is BDT 1504422.57.Thank you. EBL Helpline 16230","0","2014-12-01 03:28:18","INVALID NUMBER","2014-12-01 03:28:28","200","968"
"3810671","27614727","0096899630144","Your account 0161330026089 has been credited with BDT 4511.37.Current account balance is BDT 1504873.71.Thank you. EBL Helpline 16230","0","2014-12-01 03:26:12","INVALID NUMBER","2014-12-01 03:26:15","200","968"
"3810199","27614039","+447980212893","Your account 1051450158659 has been debited with BDT 45.83.Current account balance is BDT 100412.5.Thank you. EBL Helpline 16230","0","2014-12-01 03:22:31","INVALID NUMBER","2014-12-01 03:23:01","200","479"
"3810198","27614038","+447980212893","Your account 1051450158659 has been credited with BDT 458.33.Current account balance is BDT 100458.33.Thank you. EBL Helpline 16230","0","2014-12-01 03:22:30","INVALID NUMBER","2014-12-01 03:23:01","200","479"
"3810189","27614029","017266266521","Your account 1051450153349 has been debited with BDT 7090.06.Current account balance is BDT 10064304.61.Thank you. EBL Helpline 16230","0","2014-12-01 03:22:27","INVALID NUMBER","2014-12-01 03:22:30","200","172"
"3810188","27614028","017266266521","Your account 1051450153349 has been credited with BDT 70900.58.Current account balance is BDT 10071394.67.Thank you. EBL Helpline 16230","0","2014-12-01 03:22:27","INVALID NUMBER","2014-12-01 03:22:30","200","172"
"3806165","27611496","017110106421","Your account 1091440072428 has been debited with BDT .76.Current account balance is BDT 719.53.Thank you. EBL Helpline 16230","0","2014-12-01 02:52:48","INVALID NUMBER","2014-12-01 02:52:54","200","171"
"3806164","27611495","017110106421","Your account 1091440072428 has been credited with BDT 7.56.Current account balance is BDT 720.29.Thank you. EBL Helpline 16230","0","2014-12-01 02:52:48","INVALID NUMBER","2014-12-01 02:52:54","200","171"
"3805214","27611840","971504573267","Your account 1011310233144 has been debited with BDT 71.05.Current account balance is BDT 190094.97.Thank you. EBL Helpline 16230","0","2014-12-01 02:45:50","INVALID NUMBER","2014-12-01 02:46:36","200","715"
"3805213","27611839","971504573267","Your account 1011310233144 has been credited with BDT 710.46.Current account balance is BDT 190166.02.Thank you. EBL Helpline 16230","0","2014-12-01 02:45:49","INVALID NUMBER","2014-12-01 02:46:36","200","715"
"3804903","27611744","00971509831518","Your account 1011310214886 has been debited with BDT 8.28.Current account balance is BDT 17775.55.Thank you. EBL Helpline 16230","0","2014-12-01 02:43:41","INVALID NUMBER","2014-12-01 02:43:56","200","715"
"3804902","27611743","00971509831518","Your account 1011310214886 has been credited with BDT 82.84.Current account balance is BDT 17783.83.Thank you. EBL Helpline 16230","0","2014-12-01 02:43:40","INVALID NUMBER","2014-12-01 02:43:56","200","715"
"3804899","27611740","203-512-9500","Your account 1011310208839 has been debited with BDT 13.62.Current account balance is BDT 22435.76.Thank you. EBL Helpline 16230","0","2014-12-01 02:43:39","INVALID NUMBER","2014-12-01 02:43:56","200","03-"
"3804898","27611739","203-512-9500","Your account 1011310208839 has been credited with BDT 136.17.Current account balance is BDT 22449.38.Thank you. EBL Helpline 16230","0","2014-12-01 02:43:38","INVALID NUMBER","2014-12-01 02:43:56","200","03-"
"3804897","27611738","00971552311302","Your account 1011310203970 has been debited with BDT 5.51.Current account balance is BDT 14753.06.Thank you. EBL Helpline 16230","0","2014-12-01 02:43:38","INVALID NUMBER","2014-12-01 02:43:56","200","715"
"3804854","27610654","011711469759","Your account 0921470114039 has been debited with BDT 305.55.Current account balance is BDT 3002664.92.Thank you. EBL Helpline 16230","0","2014-12-01 02:43:19","INVALID NUMBER","2014-12-01 02:43:26","200","117"
"3804853","27610653","011711469759","Your account 0921470114039 has been credited with BDT 3055.47.Current account balance is BDT 3002970.47.Thank you. EBL Helpline 16230","0","2014-12-01 02:43:18","INVALID NUMBER","2014-12-01 02:43:26","200","117"
"3804788","27611737","00971552311302","Your account 1011310203970 has been credited with BDT 55.14.Current account balance is BDT 14758.57.Thank you. EBL Helpline 16230","0","2014-12-01 02:42:47","INVALID NUMBER","2014-12-01 02:42:51","200","715"
"3804787","27611736","00966507094218","Your account 1011310200156 has been debited with BDT 150.89.Current account balance is BDT 393734.25.Thank you. EBL Helpline 16230","0","2014-12-01 02:42:47","INVALID NUMBER","2014-12-01 02:42:51","200","665"
"3804786","27611735","00966507094218","Your account 1011310200156 has been credited with BDT 1508.92.Current account balance is BDT 393885.14.Thank you. EBL Helpline 16230","0","2014-12-01 02:42:47","INVALID NUMBER","2014-12-01 02:42:51","200","665"
"3747014","27438739","017120516374","Your account 0051020013973 has been credited with BDT 190000.Current account balance is BDT 201037.81.Thank you. EBL Helpline 16230","0","2014-11-30 11:13:33","INVALID NUMBER","2014-11-30 11:13:56","200","171"
"3803516","27603486","019133872383","Your account 1751470033352 has been debited with BDT 23.21.Current account balance is BDT 50852.89.Thank you. EBL Helpline 16230","0","2014-12-01 02:33:11","INVALID NUMBER","2014-12-01 02:33:18","200","191"
"3803515","27603485","019133872383","Your account 1751470033352 has been credited with BDT 232.12.Current account balance is BDT 50876.1.Thank you. EBL Helpline 16230","0","2014-12-01 02:33:11","INVALID NUMBER","2014-12-01 02:33:18","200","191"
"3802537","27603801","017180456675","Your account 0071330098444 has been credited with BDT 160.99.Current account balance is BDT 43090.6.Thank you. EBL Helpline 16230","0","2014-12-01 02:26:17","INVALID NUMBER","2014-12-01 02:26:23","200","171"
"3802538","27603802","017180456675","Your account 0071330098444 has been debited with BDT 16.1.Current account balance is BDT 43074.5.Thank you. EBL Helpline 16230","0","2014-12-01 02:26:17","INVALID NUMBER","2014-12-01 02:26:22","200","171"
"3801019","27606280","00393806349153","Your account 1141330129821 has been credited with BDT 88.43.Current account balance is BDT 23670.18.Thank you. EBL Helpline 16230","0","2014-12-01 02:15:54","INVALID NUMBER","2014-12-01 02:16:00","200","938"
"3801020","27606281","00393806349153","Your account 1141330129821 has been debited with BDT 8.84.Current account balance is BDT 23661.34.Thank you. EBL Helpline 16230","0","2014-12-01 02:15:55","INVALID NUMBER","2014-12-01 02:16:00","200","938"
"3801944","27607063","018177518582","Your account 1161440128913 has been debited with BDT 26.13.Current account balance is BDT 104748.93.Thank you. EBL Helpline 16230","0","2014-12-01 02:22:04","INVALID NUMBER","2014-12-01 02:22:26","200","181"
"3801943","27607062","018177518582","Your account 1161440128913 has been credited with BDT 261.28.Current account balance is BDT 104775.06.Thank you. EBL Helpline 16230","0","2014-12-01 02:22:04","INVALID NUMBER","2014-12-01 02:22:26","200","181"
"3801692","27605330","00971558684882","Your account 0061310134471 has been credited with BDT 25.75.Current account balance is BDT 6025.75.Thank you. EBL Helpline 16230","0","2014-12-01 02:20:21","INVALID NUMBER","2014-12-01 02:20:24","200","715"
"3801693","27605331","00971558684882","Your account 0061310134471 has been debited with BDT 2.58.Current account balance is BDT 6023.17.Thank you. EBL Helpline 16230","0","2014-12-01 02:20:21","INVALID NUMBER","2014-12-01 02:20:24","200","715"
"3800212","27606625","00971507214389","Your account 0041330352773 has been debited with BDT 363.59.Current account balance is BDT 960914.48.Thank you. EBL Helpline 16230","0","2014-12-01 02:10:17","INVALID NUMBER","2014-12-01 02:10:30","200","715"
"3800211","27606624","00971507214389","Your account 0041330352773 has been credited with BDT 3635.94.Current account balance is BDT 961278.07.Thank you. EBL Helpline 16230","0","2014-12-01 02:10:17","INVALID NUMBER","2014-12-01 02:10:30","200","715"
"3799615","27599107","017111988941","Your account 0011250000617 has been debited with BDT 2.1.Current account balance is BDT 81646.67.Thank you. EBL Helpline 16230","0","2014-12-01 02:06:17","INVALID NUMBER","2014-12-01 02:06:41","200","171"
"3799614","27599106","017111988941","Your account 0011250000617 has been credited with BDT 21.03.Current account balance is BDT 81648.77.Thank you. EBL Helpline 16230","0","2014-12-01 02:06:16","INVALID NUMBER","2014-12-01 02:06:42","200","171"
"3799464","27597949","017206920516","Your account 1131470173199 has been debited with BDT 21.91.Current account balance is BDT 49622.16.Thank you. EBL Helpline 16230","0","2014-12-01 02:05:14","INVALID NUMBER","2014-12-01 02:05:22","200","172"
"3799463","27597948","017206920516","Your account 1131470173199 has been credited with BDT 219.07.Current account balance is BDT 49644.07.Thank you. EBL Helpline 16230","0","2014-12-01 02:05:14","INVALID NUMBER","2014-12-01 02:05:22","200","172"
"3799070","27597840","017127208582","Your account 1131450170827 has been credited with BDT 32748.17.Current account balance is BDT 5272455.44.Thank you. EBL Helpline 16230","0","2014-12-01 02:02:32","INVALID NUMBER","2014-12-01 02:02:56","200","171"
"3799071","27597841","017127208582","Your account 1131450170827 has been debited with BDT 3274.82.Current account balance is BDT 5269180.62.Thank you. EBL Helpline 16230","0","2014-12-01 02:02:33","INVALID NUMBER","2014-12-01 02:02:56","200","171"
"3836239","27648293","8801747900437","EBL CARDS: Cash WD BDT10000 from EBL BANASREE BRANCH AT Dh. Card 470499**3378 on 12/01/14 06:26:52PM BST -Helpline 16230","0","2014-12-01 18:27:13","Processing",\N,"0","017"
"3836238","27648292","8801816277133","Your account 1151330066070 has been debited with BDT 15000.Current account balance is BDT 128.71.Thank you. EBL Helpline 16230","0","2014-12-01 18:27:13","Processing",\N,"0","018"
"3836237","27648291","8801750059585","Your account 1111250001994 has been debited with BDT 10000.Current account balance is BDT 75938.21.Thank you. EBL Helpline 16230","0","2014-12-01 18:27:13","Processing",\N,"0","017"
"3836236","27648290","8801777786700","EBL CARDS: Purchase txn BDT 1650 from APEX DHAKA. Card 434977**9589 on 12/01/14 06:27:06PM BST -Helpline 16230","0","2014-12-01 18:27:09","Processing",\N,"0","017"
"3836235","27648289","8801711507102","EBL CARDS: Balance enquiry from EBL KHULNA BRANCH ATM Khu. Card 489339**9872 on 12/01/14 06:27:06PM BST - Helpline 16230","0","2014-12-01 18:27:08","Processing",\N,"0","017"
"3836232","27648284","8801711808021","Your account 0141260024115 has been debited with BDT 10.Current account balance is BDT 15861.94.Thank you. EBL Helpline 16230","0","2014-12-01 18:27:08","Processing",\N,"0","017"
"3836233","27648287","8801818095570","Your account 0011020042324 has been debited with BDT 75.Current account balance is BDT 133921.38.Thank you. EBL Helpline 16230","0","2014-12-01 18:27:08","Processing",\N,"0","018"
"3836231","27648283","8801711808021","Your account 0141260024115 has been debited with BDT 4000.Current account balance is BDT 15871.94.Thank you. EBL Helpline 16230","0","2014-12-01 18:27:07","Processing",\N,"0","017"
"3836229","27648285","8801716199856","EBL CARDS: Balance enquiry from EBL MIRPUR ORGINAL-10 Dha. Card 470499**4127 on 12/01/14 06:27:02PM BST - Helpline 16230","0","2014-12-01 18:27:07","Processing",\N,"0","017"
"3836227","27648281","8801730352752","EBL CARDS: Cash WD BDT4000 from Station Road, Dinajpur, A. Card 470499**9231 on 12/01/14 06:26:59PM BST -Helpline 16230","0","2014-12-01 18:27:06","Processing",\N,"0","017"
"3836224","27648278","8801720068889","EBL CARDS: Cash WD BDT10500 from EBL HEAD OFFICE ATM Dhaka. Card 470499**1241 on 12/01/14 06:26:38PM BST -Helpline 16230","0","2014-12-01 18:26:58","Processing",\N,"0","017"
